INSERT INTO datatypes23.simplesurface2 VALUES (4, 3, 'SimpleSurface2.0', NULL);
INSERT INTO datatypes23.simplesurface2 VALUES (5, 3, 'SimpleSurface2.1', '010A000020155500000100000001090000000100000001020000000400000000000080B2C44241000000001AE42F4100000000B5C442410000000024E42F4100000080B2C442410000000024E42F4100000080B2C44241000000001AE42F41');
INSERT INTO datatypes23.simplesurface2 VALUES (6, 3, 'SimpleSurface2.2', '010A000020155500000200000001090000000100000001020000000400000000000080B0C442410000000012E42F4100000000BAC44241000000002EE42F4100000080B0C44241000000002EE42F4100000080B0C442410000000012E42F4101090000000100000001020000000400000000000080B2C44241000000001AE42F4100000000B5C442410000000024E42F4100000080B2C442410000000024E42F4100000080B2C44241000000001AE42F41');
INSERT INTO datatypes23.simplesurface2 VALUES (7, 3, 'SimpleSurface2.3', '010A000020155500000100000001090000000100000001020000000400000000000080B2C44241000000001AE42F4100000000B5C442410000000024E42F4100000080B2C442410000000024E42F4100000080B2C44241000000001AE42F41');
INSERT INTO datatypes23.surface2 VALUES (8, 3, 'Surface2.0', NULL);
INSERT INTO datatypes23.surface2 VALUES (9, 3, 'Surface2.1', '010A000020155500000200000001090000000300000001020000000200000000000080B0C442410000000012E42F4100000000BAC44241000000002EE42F4101080000000300000000000000BAC44241000000002EE42F4100000000B5C442410000000034E42F4100000080B0C44241000000002EE42F4101020000000200000000000080B0C44241000000002EE42F4100000080B0C442410000000012E42F4101090000000300000001020000000200000000000080B2C44241000000001AE42F4100000000B5C442410000000024E42F4101080000000300000000000000B5C442410000000024E42F4100000080B3C442410000000022E42F4100000080B2C442410000000024E42F4101020000000200000000000080B2C442410000000024E42F4100000080B2C44241000000001AE42F41');
INSERT INTO datatypes23.t_ili2db_attrname VALUES ('Datatypes23.Topic.SimpleSurface3.surface3d', 'surface3d', 'simplesurface3', NULL);
INSERT INTO datatypes23.t_ili2db_attrname VALUES ('Datatypes23.Topic.ClassAttr.vertAlignment', 'vertalignment', 'classattr', NULL);
INSERT INTO datatypes23.t_ili2db_attrname VALUES ('Datatypes23.Topic.ClassAttr.aTime', 'atime', 'classattr', NULL);
INSERT INTO datatypes23.t_ili2db_attrname VALUES ('Datatypes23.Topic.SimpleSurface2.surface2d', 'surface2d', 'simplesurface2', NULL);
INSERT INTO datatypes23.t_ili2db_attrname VALUES ('Datatypes23.Topic.Surface2.surfacearcs2d', 'surfacearcs2d', 'surface2', NULL);
INSERT INTO datatypes23.t_ili2db_attrname VALUES ('Datatypes23.Topic.ClassAttr.aUuid', 'auuid', 'classattr', NULL);
INSERT INTO datatypes23.t_ili2db_attrname VALUES ('Datatypes23.Topic.ClassAttr.aClass', 'aclass', 'classattr', NULL);
INSERT INTO datatypes23.t_ili2db_attrname VALUES ('Datatypes23.Topic.ClassAttr.uritext', 'uritext', 'classattr', NULL);
INSERT INTO datatypes23.t_ili2db_attrname VALUES ('Datatypes23.Topic.ClassAttr.horizAlignment', 'horizalignment', 'classattr', NULL);
INSERT INTO datatypes23.t_ili2db_attrname VALUES ('Datatypes23.Topic.ClassAttr.aI32id', 'ai32id', 'classattr', NULL);
INSERT INTO datatypes23.t_ili2db_attrname VALUES ('Datatypes23.Topic.Line3.straightsarcs3d', 'straightsarcs3d', 'line3', NULL);
INSERT INTO datatypes23.t_ili2db_attrname VALUES ('Datatypes23.Topic.ClassAttr.mtextLimited', 'mtextlimited', 'classattr', NULL);
INSERT INTO datatypes23.t_ili2db_attrname VALUES ('Datatypes23.Topic.SimpleLine3.straights3d', 'straights3d', 'simpleline3', NULL);
INSERT INTO datatypes23.t_ili2db_attrname VALUES ('Datatypes23.Topic.ClassAttr.aAttribute', 'aattribute', 'classattr', NULL);
INSERT INTO datatypes23.t_ili2db_attrname VALUES ('Datatypes23.Topic.ClassAttr.aBoolean', 'aboolean', 'classattr', NULL);
INSERT INTO datatypes23.t_ili2db_attrname VALUES ('Datatypes23.Topic.ClassAttr.aDateTime', 'adatetime', 'classattr', NULL);
INSERT INTO datatypes23.t_ili2db_attrname VALUES ('Datatypes23.Topic.ClassAttr.textLimited', 'textlimited', 'classattr', NULL);
INSERT INTO datatypes23.t_ili2db_attrname VALUES ('Datatypes23.Topic.ClassAttr.nametext', 'nametext', 'classattr', NULL);
INSERT INTO datatypes23.t_ili2db_attrname VALUES ('Datatypes23.Topic.ClassAttr.aufzaehlung', 'aufzaehlung', 'classattr', NULL);
INSERT INTO datatypes23.t_ili2db_attrname VALUES ('Datatypes23.Topic.ClassAttr.xmlbox', 'xmlbox', 'classattr', NULL);
INSERT INTO datatypes23.t_ili2db_attrname VALUES ('Datatypes23.Topic.ClassAttr.aStandardid', 'astandardid', 'classattr', NULL);
INSERT INTO datatypes23.t_ili2db_attrname VALUES ('Datatypes23.Topic.ClassAttr.aDate', 'adate', 'classattr', NULL);
INSERT INTO datatypes23.t_ili2db_attrname VALUES ('Datatypes23.Topic.ClassKoord3.hcoord', 'hcoord', 'classkoord3', NULL);
INSERT INTO datatypes23.t_ili2db_attrname VALUES ('Datatypes23.Topic.ClassKoord2.lcoord', 'lcoord', 'classkoord2', NULL);
INSERT INTO datatypes23.t_ili2db_attrname VALUES ('Datatypes23.Topic.ClassAttr.numericInt', 'numericint', 'classattr', NULL);
INSERT INTO datatypes23.t_ili2db_attrname VALUES ('Datatypes23.Topic.ClassAttr.numericDec', 'numericdec', 'classattr', NULL);
INSERT INTO datatypes23.t_ili2db_attrname VALUES ('Datatypes23.Topic.SimpleLine2.straights2d', 'straights2d', 'simpleline2', NULL);
INSERT INTO datatypes23.t_ili2db_attrname VALUES ('Datatypes23.Topic.Line2.straightsarcs2d', 'straightsarcs2d', 'line2', NULL);
INSERT INTO datatypes23.t_ili2db_attrname VALUES ('Datatypes23.Topic.ClassAttr.textUnlimited', 'textunlimited', 'classattr', NULL);
INSERT INTO datatypes23.t_ili2db_attrname VALUES ('Datatypes23.Topic.ClassAttr.binbox', 'binbox', 'classattr', NULL);
INSERT INTO datatypes23.t_ili2db_attrname VALUES ('Datatypes23.Topic.Surface3.surfacearcs3d', 'surfacearcs3d', 'surface3', NULL);
INSERT INTO datatypes23.t_ili2db_attrname VALUES ('Datatypes23.Topic.ClassAttr.mtextUnlimited', 'mtextunlimited', 'classattr', NULL);
INSERT INTO datatypes23.t_ili2db_basket VALUES (3, 1, 'Datatypes23.Topic', 'b1', 'Datatypes23Surface.xtf-3');
INSERT INTO datatypes23.t_ili2db_classname VALUES ('Datatypes23.Topic.SimpleLine3', 'simpleline3');
INSERT INTO datatypes23.t_ili2db_classname VALUES ('Datatypes23.Topic.SimpleSurface3', 'simplesurface3');
INSERT INTO datatypes23.t_ili2db_classname VALUES ('Datatypes23.Topic.Surface2', 'surface2');
INSERT INTO datatypes23.t_ili2db_classname VALUES ('Datatypes23.Topic.SimpleSurface2', 'simplesurface2');
INSERT INTO datatypes23.t_ili2db_classname VALUES ('Datatypes23.Topic.Surface3', 'surface3');
INSERT INTO datatypes23.t_ili2db_classname VALUES ('Datatypes23.Topic.ClassAttr', 'classattr');
INSERT INTO datatypes23.t_ili2db_classname VALUES ('Datatypes23.Topic.ClassKoord3', 'classkoord3');
INSERT INTO datatypes23.t_ili2db_classname VALUES ('Datatypes23.Topic.Line3', 'line3');
INSERT INTO datatypes23.t_ili2db_classname VALUES ('Datatypes23.Topic.ClassKoord2', 'classkoord2');
INSERT INTO datatypes23.t_ili2db_classname VALUES ('Datatypes23.Topic.SimpleLine2', 'simpleline2');
INSERT INTO datatypes23.t_ili2db_classname VALUES ('Datatypes23.Topic.Line2', 'line2');
INSERT INTO datatypes23.t_ili2db_column_prop VALUES ('surface3', NULL, 'surfacearcs3d', 'ch.ehi.ili2db.c2Min', '1045000.0');
INSERT INTO datatypes23.t_ili2db_column_prop VALUES ('classkoord3', NULL, 'hcoord', 'ch.ehi.ili2db.c1Min', '2460000.0');
INSERT INTO datatypes23.t_ili2db_column_prop VALUES ('simpleline3', NULL, 'straights3d', 'ch.ehi.ili2db.c3Min', '-200.0');
INSERT INTO datatypes23.t_ili2db_column_prop VALUES ('classattr', NULL, 'mtextunlimited', 'ch.ehi.ili2db.textKind', 'MTEXT');
INSERT INTO datatypes23.t_ili2db_column_prop VALUES ('surface2', NULL, 'surfacearcs2d', 'ch.ehi.ili2db.c2Max', '1310000.0');
INSERT INTO datatypes23.t_ili2db_column_prop VALUES ('simpleline2', NULL, 'straights2d', 'ch.ehi.ili2db.c1Min', '2460000.0');
INSERT INTO datatypes23.t_ili2db_column_prop VALUES ('line2', NULL, 'straightsarcs2d', 'ch.ehi.ili2db.c1Max', '2870000.0');
INSERT INTO datatypes23.t_ili2db_column_prop VALUES ('simpleline3', NULL, 'straights3d', 'ch.ehi.ili2db.c3Max', '5000.0');
INSERT INTO datatypes23.t_ili2db_column_prop VALUES ('simplesurface3', NULL, 'surface3d', 'ch.ehi.ili2db.c1Min', '2460000.0');
INSERT INTO datatypes23.t_ili2db_column_prop VALUES ('classkoord2', NULL, 'lcoord', 'ch.ehi.ili2db.c2Min', '1045000.0');
INSERT INTO datatypes23.t_ili2db_column_prop VALUES ('surface3', NULL, 'surfacearcs3d', 'ch.ehi.ili2db.c3Max', '5000.0');
INSERT INTO datatypes23.t_ili2db_column_prop VALUES ('classkoord2', NULL, 'lcoord', 'ch.ehi.ili2db.c1Max', '2870000.0');
INSERT INTO datatypes23.t_ili2db_column_prop VALUES ('classattr', NULL, 'mtextlimited', 'ch.ehi.ili2db.textKind', 'MTEXT');
INSERT INTO datatypes23.t_ili2db_column_prop VALUES ('surface3', NULL, 'surfacearcs3d', 'ch.ehi.ili2db.c2Max', '1310000.0');
INSERT INTO datatypes23.t_ili2db_column_prop VALUES ('simpleline3', NULL, 'straights3d', 'ch.ehi.ili2db.c2Max', '1310000.0');
INSERT INTO datatypes23.t_ili2db_column_prop VALUES ('surface3', NULL, 'surfacearcs3d', 'ch.ehi.ili2db.c1Min', '2460000.0');
INSERT INTO datatypes23.t_ili2db_column_prop VALUES ('surface3', NULL, 'surfacearcs3d', 'ch.ehi.ili2db.c1Max', '2870000.0');
INSERT INTO datatypes23.t_ili2db_column_prop VALUES ('simplesurface3', NULL, 'surface3d', 'ch.ehi.ili2db.c2Min', '1045000.0');
INSERT INTO datatypes23.t_ili2db_column_prop VALUES ('simpleline2', NULL, 'straights2d', 'ch.ehi.ili2db.c1Max', '2870000.0');
INSERT INTO datatypes23.t_ili2db_column_prop VALUES ('line2', NULL, 'straightsarcs2d', 'ch.ehi.ili2db.c2Max', '1310000.0');
INSERT INTO datatypes23.t_ili2db_column_prop VALUES ('classkoord3', NULL, 'hcoord', 'ch.ehi.ili2db.c3Min', '-200.0');
INSERT INTO datatypes23.t_ili2db_column_prop VALUES ('line2', NULL, 'straightsarcs2d', 'ch.ehi.ili2db.c2Min', '1045000.0');
INSERT INTO datatypes23.t_ili2db_column_prop VALUES ('line3', NULL, 'straightsarcs3d', 'ch.ehi.ili2db.c2Min', '1045000.0');
INSERT INTO datatypes23.t_ili2db_column_prop VALUES ('classkoord3', NULL, 'hcoord', 'ch.ehi.ili2db.c3Max', '5000.0');
INSERT INTO datatypes23.t_ili2db_column_prop VALUES ('line3', NULL, 'straightsarcs3d', 'ch.ehi.ili2db.c3Min', '-200.0');
INSERT INTO datatypes23.t_ili2db_column_prop VALUES ('simplesurface2', NULL, 'surface2d', 'ch.ehi.ili2db.c1Max', '2870000.0');
INSERT INTO datatypes23.t_ili2db_column_prop VALUES ('line3', NULL, 'straightsarcs3d', 'ch.ehi.ili2db.c3Max', '5000.0');
INSERT INTO datatypes23.t_ili2db_column_prop VALUES ('classkoord3', NULL, 'hcoord', 'ch.ehi.ili2db.c1Max', '2870000.0');
INSERT INTO datatypes23.t_ili2db_column_prop VALUES ('simpleline3', NULL, 'straights3d', 'ch.ehi.ili2db.c2Min', '1045000.0');
INSERT INTO datatypes23.t_ili2db_column_prop VALUES ('simplesurface3', NULL, 'surface3d', 'ch.ehi.ili2db.c3Max', '5000.0');
INSERT INTO datatypes23.t_ili2db_column_prop VALUES ('line3', NULL, 'straightsarcs3d', 'ch.ehi.ili2db.c1Max', '2870000.0');
INSERT INTO datatypes23.t_ili2db_column_prop VALUES ('classkoord2', NULL, 'lcoord', 'ch.ehi.ili2db.c1Min', '2460000.0');
INSERT INTO datatypes23.t_ili2db_column_prop VALUES ('simplesurface3', NULL, 'surface3d', 'ch.ehi.ili2db.c3Min', '-200.0');
INSERT INTO datatypes23.t_ili2db_column_prop VALUES ('simpleline2', NULL, 'straights2d', 'ch.ehi.ili2db.c2Min', '1045000.0');
INSERT INTO datatypes23.t_ili2db_column_prop VALUES ('line3', NULL, 'straightsarcs3d', 'ch.ehi.ili2db.c2Max', '1310000.0');
INSERT INTO datatypes23.t_ili2db_column_prop VALUES ('line2', NULL, 'straightsarcs2d', 'ch.ehi.ili2db.c1Min', '2460000.0');
INSERT INTO datatypes23.t_ili2db_column_prop VALUES ('surface2', NULL, 'surfacearcs2d', 'ch.ehi.ili2db.c2Min', '1045000.0');
INSERT INTO datatypes23.t_ili2db_column_prop VALUES ('simplesurface3', NULL, 'surface3d', 'ch.ehi.ili2db.c2Max', '1310000.0');
INSERT INTO datatypes23.t_ili2db_column_prop VALUES ('simpleline2', NULL, 'straights2d', 'ch.ehi.ili2db.c2Max', '1310000.0');
INSERT INTO datatypes23.t_ili2db_column_prop VALUES ('simplesurface2', NULL, 'surface2d', 'ch.ehi.ili2db.c1Min', '2460000.0');
INSERT INTO datatypes23.t_ili2db_column_prop VALUES ('line3', NULL, 'straightsarcs3d', 'ch.ehi.ili2db.c1Min', '2460000.0');
INSERT INTO datatypes23.t_ili2db_column_prop VALUES ('surface2', NULL, 'surfacearcs2d', 'ch.ehi.ili2db.c1Max', '2870000.0');
INSERT INTO datatypes23.t_ili2db_column_prop VALUES ('simpleline3', NULL, 'straights3d', 'ch.ehi.ili2db.c1Min', '2460000.0');
INSERT INTO datatypes23.t_ili2db_column_prop VALUES ('classkoord2', NULL, 'lcoord', 'ch.ehi.ili2db.c2Max', '1310000.0');
INSERT INTO datatypes23.t_ili2db_column_prop VALUES ('simplesurface2', NULL, 'surface2d', 'ch.ehi.ili2db.c2Min', '1045000.0');
INSERT INTO datatypes23.t_ili2db_column_prop VALUES ('simplesurface3', NULL, 'surface3d', 'ch.ehi.ili2db.c1Max', '2870000.0');
INSERT INTO datatypes23.t_ili2db_column_prop VALUES ('surface2', NULL, 'surfacearcs2d', 'ch.ehi.ili2db.c1Min', '2460000.0');
INSERT INTO datatypes23.t_ili2db_column_prop VALUES ('classkoord3', NULL, 'hcoord', 'ch.ehi.ili2db.c2Max', '1310000.0');
INSERT INTO datatypes23.t_ili2db_column_prop VALUES ('surface3', NULL, 'surfacearcs3d', 'ch.ehi.ili2db.c3Min', '-200.0');
INSERT INTO datatypes23.t_ili2db_column_prop VALUES ('simpleline3', NULL, 'straights3d', 'ch.ehi.ili2db.c1Max', '2870000.0');
INSERT INTO datatypes23.t_ili2db_column_prop VALUES ('simplesurface2', NULL, 'surface2d', 'ch.ehi.ili2db.c2Max', '1310000.0');
INSERT INTO datatypes23.t_ili2db_column_prop VALUES ('classkoord3', NULL, 'hcoord', 'ch.ehi.ili2db.c2Min', '1045000.0');
INSERT INTO datatypes23.t_ili2db_dataset VALUES (1, 'Datatypes23Surface.xtf-1');
INSERT INTO datatypes23.t_ili2db_import VALUES (2, 1, '2018-02-09 11:17:17.029', 'postgres', 'test\data\Datatypes23\Datatypes23Surface.xtf');
INSERT INTO datatypes23.t_ili2db_import_basket VALUES (10, 2, 3, 6, 3, 9);
INSERT INTO datatypes23.t_ili2db_import_object VALUES (11, 10, 'Datatypes23.Topic.Surface2', 2, 8, 9);
INSERT INTO datatypes23.t_ili2db_import_object VALUES (12, 10, 'Datatypes23.Topic.SimpleSurface2', 4, 4, 7);
INSERT INTO datatypes23.t_ili2db_inheritance VALUES ('Datatypes23.Topic.Surface2', NULL);
INSERT INTO datatypes23.t_ili2db_inheritance VALUES ('Datatypes23.Topic.SimpleLine2', NULL);
INSERT INTO datatypes23.t_ili2db_inheritance VALUES ('Datatypes23.Topic.ClassKoord2', NULL);
INSERT INTO datatypes23.t_ili2db_inheritance VALUES ('Datatypes23.Topic.ClassAttr', NULL);
INSERT INTO datatypes23.t_ili2db_inheritance VALUES ('Datatypes23.Topic.ClassKoord3', NULL);
INSERT INTO datatypes23.t_ili2db_inheritance VALUES ('Datatypes23.Topic.Surface3', NULL);
INSERT INTO datatypes23.t_ili2db_inheritance VALUES ('Datatypes23.Topic.SimpleSurface2', NULL);
INSERT INTO datatypes23.t_ili2db_inheritance VALUES ('Datatypes23.Topic.SimpleSurface3', NULL);
INSERT INTO datatypes23.t_ili2db_inheritance VALUES ('Datatypes23.Topic.SimpleLine3', NULL);
INSERT INTO datatypes23.t_ili2db_inheritance VALUES ('Datatypes23.Topic.Line2', NULL);
INSERT INTO datatypes23.t_ili2db_inheritance VALUES ('Datatypes23.Topic.Line3', NULL);
INSERT INTO datatypes23.t_ili2db_model VALUES ('Datatypes23.ili', '2.3', 'Datatypes23', 'INTERLIS 2.3;

MODEL Datatypes23
  AT "mailto:ce@eisenhutinformatik.ch" VERSION "2016-03-07" =
	TOPIC Topic=
		DOMAIN
		    Lkoord = COORD
		      2460000.000 .. 2870000.000 [INTERLIS.m] ,
		      1045000.000 .. 1310000.000 [INTERLIS.m] ,
		      ROTATION 2 -> 1;
		
		    Hkoord = COORD
		      2460000.000 .. 2870000.000 [INTERLIS.m] ,
		      1045000.000 .. 1310000.000 [INTERLIS.m] ,
			 -200.000 ..   5000.000 [INTERLIS.m] ,
		      ROTATION 2 -> 1;
					              
		CLASS ClassAttr =
		   !! EnumerationType
		   aufzaehlung : (null, eins, zwei, drei, mehr ( vier, fuenf, sechs, sieben, acht ,neun, zehn));
		   
		   !! OIDType
		   aI32id : INTERLIS.I32OID;
		   !!aAnyid : INTERLIS.ANYOID;
		   aUuid : INTERLIS.UUIDOID;
		   aStandardid : INTERLIS.STANDARDOID;
		   
		   !! TextType
		   textLimited : TEXT*30;
		   textUnlimited : TEXT;
		   mtextLimited : MTEXT*30;
		   mtextUnlimited : MTEXT;
		   nametext : NAME;
		   uritext : URI;
		   
		   !! AlignmentType
		   horizAlignment : HALIGNMENT;
		   vertAlignment : VALIGNMENT;
		   
		   !! BooleanType
		   aBoolean : BOOLEAN;
		   
		   !! NumericType
		   numericInt : 0 .. 10;
		   numericDec : 0.0 .. 10.0;
		   
		   !! FormattedType
		   
		   !! Datum und Zeit
		   aTime : INTERLIS.XMLTime;
		   aDate : INTERLIS.XMLDate;
		   aDateTime : INTERLIS.XMLDateTime;
		   !!aDateTime2 : INTERLIS.XMLDateTime;
		   !!aDateTime3 : INTERLIS.XMLDateTime;
		   
		   
		   !! BlackBoxType
		   binbox : BLACKBOX BINARY;
		   xmlbox : BLACKBOX XML;
		   
		   !! ClassType
		   aClass : CLASS;
		   aAttribute : ATTRIBUTE;
		END ClassAttr;
		
		CLASS ClassKoord2 =
		   lcoord : Lkoord;
		END ClassKoord2;
		CLASS ClassKoord3 =
		   hcoord : Hkoord;
		END ClassKoord3;
		
		CLASS SimpleLine2 =
		   straights2d : POLYLINE WITH (STRAIGHTS) VERTEX Lkoord;
		END SimpleLine2;
		CLASS SimpleLine3 =
		   straights3d : POLYLINE WITH (STRAIGHTS) VERTEX Hkoord;
		END SimpleLine3;
		CLASS Line2 =
		   straightsarcs2d : POLYLINE WITH (STRAIGHTS, ARCS) VERTEX Lkoord;
		END Line2;
		CLASS Line3 =
		   straightsarcs3d : POLYLINE WITH (STRAIGHTS, ARCS) VERTEX Hkoord;
		END Line3;
		
		CLASS SimpleSurface2 =
		   surface2d : SURFACE WITH (STRAIGHTS) VERTEX Lkoord WITHOUT OVERLAPS > 0.001;
		END SimpleSurface2;
		CLASS SimpleSurface3 =
		   surface3d : SURFACE WITH (STRAIGHTS) VERTEX Hkoord WITHOUT OVERLAPS > 0.001;
		END SimpleSurface3;
		CLASS Surface2 =
		   surfacearcs2d : SURFACE WITH (STRAIGHTS,ARCS) VERTEX Lkoord WITHOUT OVERLAPS > 0.001;
		END Surface2;
		CLASS Surface3 =
		   surfacearcs3d : SURFACE WITH (STRAIGHTS,ARCS) VERTEX Hkoord WITHOUT OVERLAPS > 0.001;
		END Surface3;
		
	END Topic;
END Datatypes23.
', '2018-02-09 11:17:17.029');

INSERT INTO datatypes23.t_ili2db_settings VALUES ('ch.interlis.ili2c.ilidirs', '%ILI_FROM_DB;%XTF_DIR;http://models.interlis.ch/;%JAR_DIR');
INSERT INTO datatypes23.t_ili2db_settings VALUES ('ch.ehi.ili2db.arrayTrafo', 'coalesce');
INSERT INTO datatypes23.t_ili2db_settings VALUES ('ch.ehi.ili2db.TidHandling', 'property');
INSERT INTO datatypes23.t_ili2db_settings VALUES ('ch.ehi.ili2db.numericCheckConstraints', 'create');
INSERT INTO datatypes23.t_ili2db_settings VALUES ('ch.ehi.ili2db.sender', 'ili2pg-3.11.1-20180131');
INSERT INTO datatypes23.t_ili2db_settings VALUES ('ch.ehi.ili2db.createForeignKey', 'yes');
INSERT INTO datatypes23.t_ili2db_settings VALUES ('ch.ehi.ili2db.BasketHandling', 'readWrite');
INSERT INTO datatypes23.t_ili2db_settings VALUES ('ch.ehi.ili2db.defaultSrsAuthority', 'EPSG');
INSERT INTO datatypes23.t_ili2db_settings VALUES ('ch.ehi.ili2db.defaultSrsCode', '21781');
INSERT INTO datatypes23.t_ili2db_settings VALUES ('ch.ehi.ili2db.maxSqlNameLength', '60');
INSERT INTO datatypes23.t_ili2db_settings VALUES ('ch.ehi.ili2db.uuidDefaultValue', 'uuid_generate_v4()');
INSERT INTO datatypes23.t_ili2db_settings VALUES ('ch.ehi.ili2db.multiPointTrafo', 'coalesce');
INSERT INTO datatypes23.t_ili2db_settings VALUES ('ch.ehi.ili2db.multiLineTrafo', 'coalesce');
INSERT INTO datatypes23.t_ili2db_trafo VALUES ('Datatypes23.Topic.SimpleLine3', 'ch.ehi.ili2db.inheritance', 'newClass');
INSERT INTO datatypes23.t_ili2db_trafo VALUES ('Datatypes23.Topic.SimpleSurface3', 'ch.ehi.ili2db.inheritance', 'newClass');
INSERT INTO datatypes23.t_ili2db_trafo VALUES ('Datatypes23.Topic.Surface2', 'ch.ehi.ili2db.inheritance', 'newClass');
INSERT INTO datatypes23.t_ili2db_trafo VALUES ('Datatypes23.Topic.SimpleSurface2', 'ch.ehi.ili2db.inheritance', 'newClass');
INSERT INTO datatypes23.t_ili2db_trafo VALUES ('Datatypes23.Topic.Surface3', 'ch.ehi.ili2db.inheritance', 'newClass');
INSERT INTO datatypes23.t_ili2db_trafo VALUES ('Datatypes23.Topic.ClassAttr', 'ch.ehi.ili2db.inheritance', 'newClass');
INSERT INTO datatypes23.t_ili2db_trafo VALUES ('Datatypes23.Topic.ClassKoord3', 'ch.ehi.ili2db.inheritance', 'newClass');
INSERT INTO datatypes23.t_ili2db_trafo VALUES ('Datatypes23.Topic.Line3', 'ch.ehi.ili2db.inheritance', 'newClass');
INSERT INTO datatypes23.t_ili2db_trafo VALUES ('Datatypes23.Topic.ClassKoord2', 'ch.ehi.ili2db.inheritance', 'newClass');
INSERT INTO datatypes23.t_ili2db_trafo VALUES ('Datatypes23.Topic.SimpleLine2', 'ch.ehi.ili2db.inheritance', 'newClass');
INSERT INTO datatypes23.t_ili2db_trafo VALUES ('Datatypes23.Topic.Line2', 'ch.ehi.ili2db.inheritance', 'newClass');